12,618600.0,551446.0
12,582015.0,546191.0
12,604737.0,574591.0
12,627968.0,574625.0
12,603145.0,574795.0
12,671919.0,571761.0
12,627912.0,593892.0
12,591851.0,569051.0
12,601444.0,572693.0
12,661430.0,603567.0
12,562704.0,570596.0
12,605107.0,563429.0
12,568824.0,570203.0
12,560237.0,500154.0
12,638559.0,558807.0
12,631297.0,578351.0
12,605284.0,556134.0
12,603849.0,572396.0
12,598634.0,619900.0
12,604157.0,574191.0
12,620438.0,511694.0
12,600202.0,622079.0
12,515612.0,540643.0
12,593490.0,623110.0
12,607084.0,595500.0
12,583728.0,563146.0
12,616044.0,533807.0
12,624452.0,584622.0
12,604438.0,574666.0
12,625709.0,660145.0
12,601376.0,579831.0
12,612799.0,537497.0
12,575440.0,568511.0
12,605927.0,572533.0
12,647354.0,579190.0
12,680357.0,620811.0
12,604294.0,574368.0
12,611508.0,503220.0
12,603789.0,574474.0
12,551740.0,588768.0
12,569197.0,559307.0
12,606809.0,572101.0
12,588597.0,622592.0
12,613840.0,534167.0
12,601339.0,571609.0
12,593398.0,559764.0
12,593166.0,622725.0
12,712648.0,607541.0
12,660327.0,585901.0
12,604001.0,573587.0
12,538571.0,654649.0
12,586097.0,567445.0
12,599123.0,616977.0
12,617717.0,613939.0
12,618869.0,577243.0
12,636628.0,533309.0
12,604352.0,573425.0
12,596891.0,579476.0
12,604415.0,571400.0
12,593317.0,534085.0
11,657985.0,453405.0
12,601900.0,569391.0
12,639431.0,588155.0
12,568570.0,579335.0
12,667639.0,571164.0
12,596796.0,529933.0
12,606111.0,617846.0
12,571334.0,594145.0
12,605100.0,573307.0
12,585195.0,555011.0
12,651740.0,589474.0
12,589112.0,536573.0
12,582057.0,543124.0
12,577242.0,574073.0
12,631182.0,565466.0
12,695646.0,652231.0
12,567428.0,580005.0
12,634967.0,579020.0
12,614615.0,574437.0
12,594084.0,629464.0
12,601530.0,577183.0
12,603055.0,589818.0
12,616561.0,619007.0
12,611581.0,572630.0
12,579712.0,568354.0
12,602887.0,595245.0
12,605913.0,579526.0
12,610263.0,574422.0
12,624369.0,532153.0
12,599870.0,591110.0
12,658403.0,611332.0
12,610980.0,522819.0
12,569422.0,567790.0
12,540783.0,626497.0
12,637323.0,549567.0
12,638078.0,629421.0
12,647103.0,573853.0
12,533799.0,564377.0
12,649034.0,528813.0
12,622407.0,583192.0
12,597026.0,642918.0
12,546632.0,599204.0
12,672565.0,564468.0
12,636500.0,587401.0
12,696144.0,548705.0
12,533551.0,582247.0
12,526802.0,551524.0
12,696601.0,603624.0
12,663578.0,586265.0
12,628080.0,562986.0
12,597421.0,554767.0
12,595193.0,576508.0
12,658103.0,572250.0
12,606415.0,581386.0
12,641976.0,577433.0
12,589180.0,595099.0
12,580561.0,528916.0
12,621726.0,578003.0
12,541976.0,512639.0
12,593840.0,578685.0
12,602667.0,575857.0
12,631446.0,561156.0
12,593865.0,572987.0
12,668502.0,563937.0
14,814045.0,332998.0
14,779956.0,271501.0
14,797205.0,313318.0
14,783666.0,262902.0
14,806131.0,312752.0
14,830658.0,368694.0
14,801910.0,325434.0
14,808062.0,337340.0
14,789833.0,304422.0
14,800865.0,312968.0
14,802237.0,318526.0
14,780927.0,285057.0
14,809182.0,319115.0
14,820327.0,352701.0
14,801093.0,317509.0
14,805237.0,318655.0
14,801441.0,323812.0
14,797313.0,317527.0
14,790395.0,300024.0
14,797787.0,301470.0
14,804630.0,332333.0
14,802111.0,320817.0
14,819768.0,346596.0
14,800565.0,319364.0
14,814401.0,341234.0
14,776131.0,248465.0
14,809550.0,327365.0
14,795322.0,311178.0
14,830450.0,393096.0
14,802814.0,320130.0
14,823913.0,369439.0
14,803386.0,318982.0
14,798904.0,324420.0
14,807446.0,342555.0
14,804251.0,329956.0
14,803448.0,314797.0
14,826228.0,376658.0
14,808686.0,332209.0
14,798472.0,322218.0
14,795489.0,287279.0
14,802853.0,314938.0
14,801588.0,319814.0
14,807293.0,347456.0
14,817119.0,336333.0
14,797272.0,324228.0
14,795836.0,291870.0
14,798321.0,319665.0
14,800667.0,315995.0
14,795205.0,316433.0
14,782642.0,275308.0
14,787644.0,297715.0
14,800677.0,310656.0
14,800394.0,301473.0
14,795571.0,310093.0
14,814158.0,335578.0
14,811913.0,325091.0
14,775604.0,274485.0
14,826789.0,377676.0
14,814108.0,344096.0
14,807017.0,330432.0
14,817410.0,346944.0
14,803277.0,319525.0
14,833182.0,379714.0
14,798059.0,316113.0
14,769876.0,257669.0
14,791983.0,298565.0
14,801386.0,313545.0
14,810903.0,332925.0
14,838276.0,395673.0
14,777978.0,252419.0
14,820258.0,351165.0
14,810253.0,323873.0
14,802041.0,319504.0
14,804190.0,320706.0
14,840462.0,402858.0
14,804119.0,328544.0
14,803057.0,331037.0
14,803031.0,325811.0
14,800444.0,311497.0
14,803470.0,319069.0
14,811277.0,335577.0
14,813436.0,360446.0
14,838129.0,404012.0
14,764997.0,249477.0
14,800316.0,311699.0
14,802655.0,316263.0
14,801456.0,320080.0
14,840886.0,397888.0
14,829529.0,375007.0
14,833661.0,389733.0
14,794956.0,309980.0
14,809552.0,342258.0
14,811502.0,355939.0
14,803370.0,318247.0
14,804702.0,315881.0
14,813791.0,334609.0
14,812965.0,330224.0
14,826048.0,374236.0
14,798633.0,317300.0
14,802537.0,312497.0
14,805977.0,320805.0
14,824212.0,363776.0
14,798981.0,311092.0
14,797178.0,310439.0
14,796283.0,315582.0
14,801782.0,318281.0
14,803377.0,319212.0
14,803932.0,318781.0
14,793684.0,312065.0
14,821151.0,366545.0
14,801903.0,312794.0
14,782506.0,279930.0
14,794667.0,315069.0
14,798243.0,324160.0
14,818119.0,348676.0
14,810502.0,336169.0
14,793560.0,285392.0
14,801326.0,315779.0
14,808644.0,326320.0
14,813645.0,328765.0
14,811061.0,333595.0
14,783110.0,289805.0
14,800235.0,316652.0
14,805035.0,317469.0
14,801166.0,322298.0
14,810657.0,329468.0
14,801313.0,300606.0
14,800390.0,309948.0
14,801634.0,318965.0
14,799197.0,314215.0
14,801174.0,320442.0
14,788005.0,292268.0
14,801183.0,316191.0
5,434440.0,822866.0
5,369199.0,734895.0
5,369418.0,733394.0
5,378563.0,789670.0
5,414377.0,771258.0
5,352874.0,807952.0
5,429586.0,775621.0
5,457561.0,788245.0
5,415417.0,785827.0
5,452570.0,848127.0
5,405986.0,787439.0
5,437568.0,794323.0
5,469422.0,822619.0
5,397688.0,762902.0
5,418149.0,790096.0
5,407289.0,798870.0
5,446537.0,828924.0
5,442260.0,754050.0
5,407814.0,765816.0
5,377720.0,727349.0
5,408745.0,824896.0
5,395274.0,786698.0
5,412109.0,735920.0
5,376660.0,815936.0
10,508535.0,830710.0
5,418410.0,795929.0
5,408712.0,803987.0
5,417169.0,792321.0
5,370839.0,727884.0
5,402309.0,786873.0
5,416926.0,785113.0
5,416019.0,787562.0
5,447833.0,819282.0
5,399634.0,751940.0
5,412028.0,773494.0
5,344915.0,702496.0
5,407460.0,791404.0
5,426040.0,825049.0
5,407565.0,766203.0
5,414317.0,828815.0
5,410610.0,765111.0
5,406337.0,750353.0
5,416039.0,730594.0
5,398478.0,822297.0
5,472917.0,830363.0
5,329002.0,727685.0
5,418618.0,811618.0
5,425356.0,745471.0
5,470922.0,770669.0
5,412851.0,774986.0
5,400079.0,749617.0
5,430747.0,776261.0
5,429220.0,787348.0
5,427850.0,762201.0
5,434080.0,785264.0
5,473514.0,788780.0
5,430686.0,844506.0
5,422198.0,724557.0
5,392185.0,713763.0
5,399149.0,784376.0
10,527515.0,831478.0
5,430779.0,770145.0
5,413556.0,758080.0
5,398498.0,776720.0
5,473727.0,807244.0
5,456799.0,844976.0
5,444336.0,820061.0
5,403522.0,785432.0
5,403852.0,792473.0
5,448865.0,836781.0
5,457338.0,789952.0
5,396276.0,785999.0
5,402891.0,801910.0
5,460942.0,779073.0
5,385140.0,796221.0
5,430243.0,781020.0
5,416775.0,806826.0
5,415270.0,775605.0
5,472691.0,802678.0
5,471930.0,844046.0
5,411721.0,717873.0
5,439793.0,740773.0
5,467107.0,817914.0
5,387631.0,749416.0
5,417146.0,822655.0
5,345692.0,788190.0
5,414951.0,852935.0
5,409701.0,750741.0
5,459556.0,818479.0
5,423311.0,813081.0
5,476144.0,772131.0
5,391976.0,789416.0
5,448649.0,813885.0
5,496658.0,816784.0
5,439514.0,758221.0
5,424145.0,743433.0
5,396617.0,801039.0
5,394708.0,739061.0
5,394912.0,755947.0
5,441950.0,785934.0
5,409814.0,836083.0
5,395817.0,788858.0
5,422776.0,808328.0
5,349378.0,805118.0
5,484407.0,809641.0
5,403329.0,717870.0
5,392795.0,817694.0
5,489182.0,773934.0
5,427388.0,815258.0
10,749723.0,781756.0
15,828194.0,742074.0
15,800913.0,749332.0
15,810467.0,706465.0
15,803540.0,754792.0
15,832054.0,751330.0
15,786032.0,701427.0
15,857620.0,709386.0
10,776000.0,780347.0
15,824098.0,714042.0
15,828478.0,655405.0
10,784838.0,771499.0
15,854886.0,769396.0
10,818338.0,800932.0
15,861563.0,661642.0
15,839121.0,736259.0
15,841045.0,738224.0
15,862334.0,747768.0
15,846484.0,719360.0
15,826465.0,646980.0
15,814540.0,707227.0
15,816054.0,733183.0
15,789601.0,714058.0
15,827169.0,708345.0
15,848151.0,741869.0
15,801511.0,761094.0
15,873672.0,734440.0
15,814697.0,729209.0
15,832758.0,707452.0
15,848264.0,762550.0
10,799903.0,784535.0
15,824594.0,741664.0
15,839514.0,728923.0
15,827711.0,732798.0
15,819439.0,735945.0
15,850451.0,764015.0
15,811748.0,766105.0
15,817640.0,730018.0
10,777697.0,798253.0
15,868493.0,677155.0
15,805658.0,698630.0
15,840349.0,790707.0
15,817441.0,709397.0
15,805089.0,762512.0
15,796943.0,674692.0
15,827192.0,785316.0
15,818209.0,719382.0
15,822616.0,735941.0
15,823250.0,732088.0
15,862425.0,741010.0
15,800872.0,672603.0
15,825395.0,715780.0
15,848570.0,703697.0
15,850904.0,720163.0
15,816775.0,739989.0
15,815455.0,755486.0
15,835648.0,756631.0
15,825997.0,730652.0
15,817252.0,730254.0
15,791470.0,751113.0
15,841654.0,764836.0
10,804706.0,788001.0
15,829379.0,718721.0
15,837582.0,763266.0
15,838764.0,652792.0
15,828297.0,715480.0
15,819058.0,729125.0
15,817018.0,729596.0
15,797804.0,715342.0
15,829398.0,724900.0
10,754841.0,796342.0
15,821908.0,732077.0
15,823987.0,687499.0
15,787988.0,741203.0
15,839339.0,726322.0
15,822425.0,727248.0
15,840425.0,762290.0
15,817395.0,734126.0
15,807913.0,737341.0
15,822293.0,786837.0
15,795124.0,696429.0
15,815593.0,689874.0
15,817807.0,715863.0
15,837977.0,728814.0
15,801204.0,755177.0
15,876503.0,659112.0
15,823856.0,749355.0
15,818756.0,743887.0
15,811971.0,664520.0
15,801526.0,705057.0
15,827031.0,734324.0
15,782368.0,759352.0
15,769656.0,721159.0
15,807072.0,687932.0
10,750459.0,800215.0
15,823959.0,737866.0
15,801810.0,728106.0
15,820947.0,730529.0
10,768565.0,762193.0
10,821079.0,800206.0
15,781260.0,737962.0
15,819438.0,662327.0
15,822843.0,763117.0
15,865084.0,713697.0
15,820455.0,729132.0
15,849547.0,738979.0
15,823589.0,728083.0
15,803874.0,675499.0
15,830065.0,739162.0
15,852730.0,769968.0
15,811031.0,703822.0
15,825414.0,734466.0
15,786227.0,765634.0
10,757421.0,774445.0
15,822224.0,742716.0
15,821895.0,732158.0
14,860387.0,157731.0
14,863391.0,126214.0
14,905936.0,150106.0
14,818079.0,108536.0
14,844234.0,153197.0
14,862679.0,188399.0
14,888714.0,205560.0
14,851280.0,156049.0
14,840375.0,155757.0
14,840299.0,118907.0
14,864053.0,139325.0
14,856454.0,117143.0
14,864374.0,150149.0
14,858587.0,150101.0
14,870247.0,121460.0
14,850176.0,127908.0
14,828005.0,145089.0
14,849537.0,157510.0
14,829229.0,143653.0
14,871556.0,194747.0
14,865489.0,161762.0
14,846256.0,154064.0
14,894124.0,202052.0
14,848108.0,161786.0
14,861242.0,161722.0
14,885793.0,172115.0
14,877125.0,161227.0
14,883864.0,111281.0
14,891699.0,170415.0
14,840335.0,164912.0
14,858042.0,178196.0
14,846257.0,145306.0
14,857309.0,139276.0
14,912023.0,160368.0
14,842824.0,177832.0
14,821428.0,153468.0
14,827802.0,189078.0
14,847812.0,114745.0
14,830159.0,134329.0
14,850925.0,157811.0
14,780153.0,136449.0
14,852423.0,159874.0
14,883375.0,158482.0
14,850219.0,110573.0
14,858834.0,149259.0
14,882097.0,161493.0
14,787336.0,144875.0
14,843833.0,170416.0
14,850663.0,157840.0
14,812240.0,177846.0
14,850959.0,157920.0
14,854753.0,190254.0
14,895723.0,126593.0
14,857833.0,170565.0
14,871689.0,155981.0
14,864088.0,171351.0
14,902529.0,162041.0
14,854996.0,81095.0
14,821361.0,175823.0
14,810775.0,160434.0
14,844088.0,150085.0
14,830620.0,117906.0
14,835790.0,127898.0
14,858703.0,157931.0
14,857846.0,153281.0
14,876408.0,183646.0
14,842576.0,153072.0
14,834171.0,189042.0
14,869167.0,105039.0
14,846575.0,159002.0
14,895127.0,152283.0
14,792179.0,148539.0
14,852410.0,187705.0
14,853554.0,158012.0
14,878170.0,123364.0
14,866987.0,154415.0
14,846284.0,113820.0
14,856924.0,169071.0
14,851568.0,114049.0
14,868736.0,179354.0
14,800304.0,163436.0
14,823740.0,169808.0
14,883929.0,121705.0
14,851010.0,157593.0
14,850533.0,160136.0
14,913298.0,162009.0
14,923120.0,170161.0
14,835702.0,176502.0
14,855852.0,134834.0
14,924289.0,171369.0
14,836739.0,162321.0
14,854463.0,159977.0
14,848135.0,130674.0
14,786528.0,104976.0
14,834036.0,144156.0
14,846720.0,162060.0
14,849003.0,115373.0
14,856753.0,145184.0
14,839757.0,190518.0
14,865113.0,161302.0
14,818668.0,120458.0
14,889142.0,154467.0
14,850787.0,125678.0
14,859298.0,139834.0
14,829216.0,121494.0
14,851919.0,127963.0
14,841353.0,125628.0
14,855969.0,193497.0
14,852104.0,134678.0
14,850945.0,161669.0
14,885764.0,151791.0
14,814553.0,164190.0
14,864211.0,216526.0
14,791199.0,164843.0
14,843905.0,219401.0
14,838146.0,159541.0
1,349296.0,557688.0
1,321312.0,574721.0
1,410917.0,614521.0
1,283570.0,563726.0
1,317331.0,556086.0
1,335792.0,541310.0
1,366794.0,582584.0
1,339981.0,565418.0
1,328438.0,532686.0
1,339115.0,566863.0
1,333299.0,597586.0
1,366934.0,581294.0
1,337002.0,589527.0
1,327738.0,559624.0
1,297110.0,556485.0
1,413894.0,564459.0
1,340545.0,568654.0
1,318065.0,581616.0
1,367751.0,578289.0
1,331667.0,570387.0
1,339993.0,544064.0
1,352220.0,602793.0
1,333934.0,537464.0
1,303637.0,570253.0
1,353145.0,580916.0
1,325118.0,556212.0
1,373894.0,555347.0
1,357813.0,572855.0
1,304157.0,566007.0
1,331175.0,551842.0
1,322209.0,547247.0
1,375619.0,553791.0
1,288068.0,561932.0
1,284031.0,566654.0
1,342963.0,582232.0
1,328331.0,541094.0
1,357737.0,597104.0
1,392534.0,593343.0
1,343376.0,575709.0
1,361370.0,552483.0
1,368617.0,554066.0
1,331795.0,529654.0
1,344237.0,573700.0
1,328657.0,564864.0
1,333669.0,542228.0
1,320628.0,564596.0
1,316642.0,553340.0
1,340712.0,563178.0
1,297022.0,574097.0
1,319927.0,524637.0
1,359772.0,568428.0
1,341721.0,576427.0
1,386373.0,606623.0
1,338588.0,543875.0
1,341578.0,558672.0
1,330482.0,571217.0
9,225786.0,529417.0
1,365567.0,547606.0
1,320827.0,519618.0
1,286990.0,529505.0
1,411796.0,581307.0
1,344239.0,530765.0
1,321309.0,569996.0
1,363304.0,553764.0
1,304556.0,568584.0
1,313649.0,523765.0
1,351459.0,565704.0
1,412767.0,593558.0
1,283474.0,532727.0
1,366478.0,594677.0
1,331616.0,565089.0
1,331366.0,567311.0
1,281979.0,518199.0
1,338474.0,564151.0
1,318681.0,528806.0
1,310041.0,533285.0
1,330767.0,552963.0
1,312558.0,520650.0
1,315850.0,573154.0
1,341925.0,569393.0
1,335999.0,549795.0
1,332586.0,566187.0
1,340970.0,564831.0
1,352424.0,557574.0
1,279008.0,521035.0
1,327973.0,534972.0
1,385091.0,599401.0
1,332884.0,533990.0
1,289002.0,520678.0
1,324516.0,522674.0
1,364844.0,571623.0
1,275524.0,559548.0
1,308966.0,523409.0
1,316313.0,570785.0
1,341446.0,538787.0
1,347522.0,587567.0
1,336336.0,563145.0
1,321216.0,569834.0
1,341016.0,545280.0
1,324952.0,565867.0
1,353583.0,554147.0
1,292636.0,520371.0
1,337173.0,557853.0
1,333378.0,557892.0
1,344437.0,529492.0
1,367641.0,556309.0
1,355924.0,577596.0
1,292932.0,558293.0
1,306346.0,523584.0
1,341966.0,586266.0
1,326251.0,549298.0
1,335201.0,585318.0
1,351564.0,573155.0
1,322365.0,530808.0
9,221233.0,538472.0
1,338084.0,560295.0
1,345123.0,577788.0
1,409616.0,575024.0
1,365058.0,545456.0
1,344096.0,575522.0
8,182618.0,346663.0
8,186536.0,330019.0
8,174057.0,358906.0
8,215243.0,289985.0
8,170688.0,343596.0
8,165689.0,356983.0
8,168443.0,367928.0
8,165158.0,343946.0
8,175781.0,341039.0
8,233480.0,289069.0
8,189029.0,366740.0
8,192775.0,350028.0
13,134695.0,350397.0
8,198908.0,372797.0
8,186380.0,363938.0
8,224225.0,376975.0
8,178869.0,370161.0
8,164354.0,347671.0
13,145867.0,363616.0
8,164915.0,350360.0
8,174064.0,357989.0
8,179609.0,408365.0
8,176506.0,351827.0
8,172879.0,347028.0
13,146070.0,316860.0
13,152957.0,321354.0
13,162040.0,316797.0
13,140612.0,350010.0
13,146072.0,288800.0
8,169293.0,348686.0
13,117585.0,391892.0
8,163981.0,344090.0
13,141113.0,351050.0
13,140876.0,334435.0
13,159496.0,331641.0
8,167262.0,399527.0
8,185561.0,342784.0
13,157394.0,346500.0
13,129664.0,341196.0
8,173188.0,355248.0
8,185696.0,338006.0
13,102221.0,374657.0
8,164875.0,349007.0
13,159120.0,340829.0
8,179811.0,342089.0
8,186503.0,369651.0
8,200251.0,306215.0
8,165657.0,338722.0
8,213022.0,338238.0
8,175586.0,365049.0
13,171074.0,293610.0
8,165886.0,348709.0
8,186082.0,330058.0
13,142899.0,329415.0
8,187324.0,377187.0
8,158550.0,354818.0
8,174672.0,345849.0
8,187854.0,354777.0
8,176490.0,344679.0
13,81648.0,360080.0
8,153607.0,379395.0
13,105444.0,361358.0
8,177579.0,319865.0
8,198892.0,322470.0
8,166654.0,350678.0
8,189102.0,333074.0
13,144306.0,328086.0
8,168886.0,353913.0
13,130805.0,354417.0
8,176433.0,350561.0
13,142252.0,329183.0
13,129453.0,321221.0
8,144705.0,375936.0
8,189499.0,356601.0
8,183516.0,374212.0
13,149269.0,341445.0
8,174438.0,319075.0
13,107124.0,325984.0
13,159302.0,337993.0
13,140101.0,341028.0
8,168149.0,345638.0
8,150009.0,371014.0
13,151164.0,332239.0
8,168067.0,340249.0
13,170102.0,323164.0
13,124132.0,340448.0
13,149863.0,284721.0
8,169228.0,364545.0
8,183610.0,321788.0
8,159472.0,372246.0
8,166973.0,334724.0
8,161448.0,373412.0
13,125715.0,302114.0
8,167653.0,352074.0
13,125902.0,318850.0
8,171986.0,429306.0
13,157181.0,346842.0
8,188909.0,341194.0
13,117874.0,389929.0
13,98533.0,355691.0
13,122986.0,334382.0
13,168284.0,309036.0
8,160922.0,347681.0
13,147911.0,328024.0
8,177858.0,352255.0
13,113068.0,317574.0
8,171277.0,361020.0
8,190725.0,336160.0
8,169994.0,409806.0
8,172662.0,388185.0
13,160206.0,303063.0
8,155690.0,368375.0
8,179326.0,321160.0
8,155508.0,372355.0
13,166799.0,318482.0
8,179483.0,359645.0
8,213951.0,352868.0
8,214966.0,358837.0
8,219779.0,330969.0
8,169876.0,340860.0
11,613682.0,399434.0
11,629247.0,364078.0
11,609532.0,388425.0
11,629369.0,398359.0
3,607905.0,403460.0
11,608711.0,373665.0
11,623498.0,399288.0
3,574989.0,407228.0
11,687717.0,379483.0
11,620240.0,397022.0
3,559877.0,401053.0
11,617755.0,401065.0
11,693265.0,388552.0
3,559933.0,403956.0
3,595215.0,391491.0
11,617493.0,379303.0
3,601644.0,436831.0
11,617118.0,374098.0
11,616468.0,394118.0
11,630384.0,376295.0
11,637332.0,414017.0
11,650054.0,432740.0
11,595063.0,328609.0
11,608309.0,377530.0
11,658219.0,436184.0
11,632390.0,363198.0
3,575116.0,345564.0
11,625784.0,441883.0
11,618893.0,419740.0
11,623248.0,399928.0
11,609219.0,362804.0
3,537211.0,376777.0
11,613037.0,419086.0
11,617444.0,397675.0
3,592620.0,446156.0
11,631633.0,337973.0
11,629789.0,426313.0
11,608687.0,374928.0
11,680646.0,375662.0
3,591831.0,438997.0
3,550086.0,442382.0
11,617178.0,414525.0
3,599766.0,409755.0
3,584077.0,398498.0
11,626700.0,401688.0
11,611954.0,360938.0
11,613536.0,395801.0
3,576488.0,397913.0
3,610026.0,444858.0
11,629725.0,405117.0
11,638823.0,411764.0
11,617764.0,397102.0
11,610698.0,396326.0
11,642607.0,374702.0
11,608923.0,385575.0
11,619339.0,401624.0
11,619295.0,397643.0
11,615934.0,426539.0
11,673514.0,390760.0
11,657120.0,386782.0
11,675858.0,410545.0
11,626586.0,415166.0
11,638783.0,399478.0
3,578113.0,395458.0
11,622557.0,361134.0
11,666135.0,430421.0
11,634383.0,422065.0
11,613351.0,407952.0
11,623989.0,368662.0
11,687638.0,439257.0
11,619318.0,361696.0
3,588432.0,446279.0
3,592924.0,393730.0
11,615325.0,383841.0
11,620818.0,396967.0
11,660333.0,393215.0
11,618391.0,348381.0
3,565829.0,395454.0
11,620610.0,395343.0
11,617319.0,374666.0
11,630205.0,338054.0
11,618349.0,397614.0
11,630706.0,388370.0
11,621537.0,390372.0
11,618406.0,404239.0
11,700340.0,335010.0
3,608182.0,416637.0
11,620939.0,385731.0
11,626371.0,349696.0
11,617954.0,395504.0
11,621241.0,368090.0
3,581240.0,362971.0
11,617447.0,366176.0
11,685785.0,409913.0
11,668879.0,388617.0
3,608601.0,418450.0
3,577773.0,434308.0
11,620955.0,389692.0
3,571692.0,449353.0
11,658735.0,399039.0
11,618869.0,398187.0
11,639507.0,438534.0
3,594112.0,399331.0
11,610199.0,394579.0
11,621560.0,397789.0
3,608195.0,447380.0
11,650120.0,324477.0
3,571043.0,347389.0
11,659191.0,459637.0
11,629978.0,400626.0
11,630067.0,372798.0
3,600007.0,377908.0
11,639613.0,388524.0
11,669409.0,415893.0
11,629000.0,417990.0
3,605407.0,427914.0
3,610722.0,418243.0
11,615649.0,429323.0
5,219686.0,859997.0
5,298214.0,820903.0
5,286769.0,862152.0
5,276635.0,875623.0
5,230399.0,842538.0
5,209922.0,850026.0
5,300726.0,862728.0
5,222727.0,770963.0
5,291561.0,845450.0
5,221122.0,832810.0
5,194258.0,914691.0
5,264627.0,808661.0
5,225916.0,843329.0
5,240221.0,843932.0
5,285258.0,848668.0
5,237120.0,856814.0
5,234604.0,822462.0
5,235901.0,856563.0
5,207217.0,878249.0
5,189752.0,865463.0
5,188480.0,870646.0
5,305915.0,854818.0
5,257926.0,936947.0
5,273165.0,852766.0
5,256487.0,868899.0
5,268289.0,878265.0
5,295375.0,861990.0
5,298979.0,774144.0
5,249857.0,844975.0
5,252586.0,806474.0
5,283017.0,850861.0
5,266980.0,825990.0
5,294326.0,807584.0
5,299821.0,866288.0
5,240308.0,844341.0
5,220620.0,819091.0
5,268926.0,813783.0
5,240171.0,843940.0
5,191257.0,802651.0
5,264798.0,767716.0
5,232246.0,844226.0
5,237757.0,834092.0
5,243331.0,844022.0
5,229857.0,843917.0
5,224083.0,852922.0
5,309399.0,838744.0
5,256073.0,917590.0
5,241687.0,844256.0
5,282603.0,846165.0
5,228032.0,893055.0
5,236274.0,861302.0
5,261819.0,863523.0
5,200005.0,825237.0
5,310591.0,841778.0
5,236495.0,861569.0
5,256889.0,880721.0
5,222445.0,891438.0
5,236207.0,886769.0
5,241545.0,838673.0
5,266111.0,813259.0
5,219316.0,898830.0
5,251866.0,864044.0
5,220884.0,916718.0
5,288954.0,846991.0
5,238084.0,844799.0
5,299772.0,828655.0
5,241633.0,846949.0
5,232331.0,872896.0
5,264293.0,890923.0
5,224288.0,931476.0
5,297183.0,841456.0
5,308616.0,811021.0
5,289719.0,866638.0
5,240645.0,855514.0
5,229567.0,855332.0
5,244618.0,845420.0
5,213775.0,841758.0
5,267478.0,894783.0
5,236987.0,881080.0
5,181803.0,799487.0
5,222019.0,839774.0
5,238328.0,770068.0
5,238714.0,858826.0
5,134134.0,842630.0
5,221126.0,837878.0
5,264565.0,859237.0
5,198583.0,860431.0
5,215976.0,836025.0
5,292194.0,906490.0
5,243951.0,865415.0
5,245740.0,814541.0
5,317675.0,838127.0
5,221706.0,875060.0
5,236740.0,853169.0
5,298800.0,824277.0
5,247484.0,846372.0
5,288675.0,919879.0
5,240028.0,849354.0
5,212009.0,864463.0
5,246857.0,852483.0
5,241475.0,850889.0
5,257134.0,845851.0
5,187314.0,815820.0
2,329428.0,66056.0
2,253129.0,154296.0
2,319838.0,170383.0
2,376613.0,159699.0
2,338717.0,181582.0
2,304283.0,183656.0
2,314519.0,146787.0
2,321775.0,164846.0
2,294832.0,124284.0
2,295537.0,91032.0
2,383044.0,180418.0
2,316263.0,163806.0
2,277860.0,111893.0
2,333789.0,151168.0
2,321822.0,187102.0
7,383052.0,89061.0
2,300672.0,175844.0
2,319208.0,164182.0
2,332284.0,194186.0
2,344482.0,215846.0
2,330533.0,214555.0
2,292193.0,125417.0
2,234837.0,151054.0
2,347050.0,150472.0
2,347406.0,155708.0
2,318738.0,182134.0
2,311819.0,140674.0
2,332032.0,157725.0
2,301983.0,173386.0
2,315830.0,102777.0
2,345976.0,148333.0
2,320210.0,191459.0
2,264427.0,188193.0
2,320718.0,158610.0
2,345234.0,188822.0
2,315963.0,174031.0
2,334812.0,137431.0
2,347492.0,153416.0
2,274321.0,219665.0
2,335476.0,183897.0
2,366146.0,196571.0
2,350480.0,214608.0
2,328851.0,147002.0
2,271123.0,163465.0
2,332307.0,189590.0
2,380281.0,205779.0
2,348191.0,165419.0
2,305292.0,175260.0
2,358562.0,112650.0
2,355499.0,224982.0
2,246753.0,175170.0
2,371685.0,151612.0
2,239495.0,163949.0
2,260930.0,184935.0
2,307616.0,207295.0
2,372883.0,222824.0
2,318707.0,160697.0
2,270233.0,195701.0
7,433100.0,134861.0
2,311433.0,134432.0
2,315146.0,160782.0
2,311163.0,166821.0
2,383894.0,179880.0
2,341137.0,78287.0
2,317771.0,154916.0
2,342066.0,119083.0
2,281732.0,221764.0
2,321262.0,178491.0
2,247892.0,115217.0
2,333942.0,143344.0
2,290958.0,168323.0
2,297731.0,175876.0
2,280274.0,182662.0
2,270201.0,236813.0
7,446538.0,180119.0
2,258201.0,153095.0
2,353951.0,133923.0
2,367079.0,183232.0
2,363932.0,228249.0
2,323905.0,168029.0
2,381617.0,157000.0
7,415495.0,116126.0
2,271424.0,251323.0
2,327734.0,163585.0
2,346079.0,220993.0
2,276741.0,143844.0
2,310386.0,171068.0
2,270404.0,183080.0
2,324966.0,170021.0
2,306421.0,145493.0
2,382419.0,110392.0
2,318192.0,170844.0
2,320821.0,165455.0
2,329029.0,204399.0
2,311065.0,219934.0
2,369490.0,164369.0
2,282957.0,179982.0
2,327927.0,168535.0
2,327022.0,161396.0
2,248427.0,146381.0
2,306042.0,66361.0
2,248779.0,111087.0
2,313783.0,177198.0
2,296164.0,96874.0
2,290700.0,196285.0
2,328423.0,161604.0
2,333883.0,276840.0
2,306357.0,123397.0
2,267212.0,158699.0
2,335235.0,180161.0
2,333937.0,51121.0
2,328775.0,156501.0
2,293201.0,192871.0
2,312227.0,159417.0
2,324337.0,162686.0
2,323329.0,93955.0
2,267264.0,153034.0
2,312421.0,170617.0
2,244344.0,185382.0
2,252845.0,181181.0
2,382720.0,263255.0
2,326040.0,156509.0
9,132705.0,557674.0
9,114311.0,601605.0
9,97216.0,564094.0
9,101553.0,517715.0
9,133023.0,574572.0
9,136531.0,557658.0
9,156430.0,615117.0
9,137451.0,555339.0
9,166290.0,521714.0
9,210499.0,526471.0
9,136301.0,569544.0
9,139212.0,557713.0
9,84501.0,604671.0
9,105945.0,528795.0
9,138449.0,555969.0
9,139460.0,557260.0
9,151701.0,574146.0
9,142668.0,544976.0
9,192564.0,547558.0
9,182840.0,584262.0
9,135849.0,550612.0
9,101427.0,615890.0
9,143265.0,548387.0
9,137347.0,622867.0
9,139146.0,569516.0
9,202547.0,601240.0
9,113259.0,568684.0
9,177246.0,571940.0
9,107972.0,601191.0
9,138965.0,558201.0
9,171471.0,576787.0
9,136078.0,547418.0
9,140164.0,531093.0
9,67867.0,545392.0
9,149906.0,546909.0
9,115287.0,602637.0
9,206561.0,574789.0
9,127373.0,549518.0
9,141699.0,530028.0
9,137516.0,556818.0
9,179793.0,483378.0
9,140717.0,554093.0
9,153185.0,562792.0
9,147599.0,513563.0
9,143879.0,536650.0
9,138734.0,557713.0
1,260096.0,530550.0
9,121650.0,599844.0
9,188992.0,563992.0
9,179830.0,547383.0
9,112184.0,530469.0
9,166904.0,503121.0
9,117959.0,536156.0
9,140706.0,547367.0
9,138012.0,558263.0
9,142663.0,556520.0
9,119237.0,591137.0
9,186380.0,487625.0
9,113099.0,546732.0
9,176278.0,550602.0
9,149758.0,564768.0
9,151374.0,538387.0
9,155430.0,549012.0
9,172756.0,612694.0
9,169322.0,577938.0
9,110877.0,562558.0
1,259173.0,548593.0
9,103153.0,601002.0
9,116860.0,550810.0
9,179834.0,541387.0
9,131532.0,536658.0
9,123905.0,508486.0
9,201753.0,569116.0
9,110479.0,594587.0
9,161475.0,587507.0
9,158596.0,562634.0
9,137172.0,523482.0
9,86243.0,559135.0
9,127964.0,538935.0
9,122130.0,568886.0
9,167716.0,562762.0
9,87236.0,607429.0
9,139911.0,561185.0
9,146183.0,622188.0
9,146678.0,558942.0
9,136569.0,532130.0
9,177665.0,557923.0
9,64979.0,538104.0
9,94061.0,576129.0
9,79285.0,554817.0
9,103192.0,550021.0
9,220224.0,592068.0
9,143912.0,595772.0
9,80673.0,566893.0
9,94249.0,600812.0
9,98675.0,580608.0
9,95074.0,570002.0
9,125548.0,552424.0
9,118391.0,553625.0
9,122296.0,566921.0
9,48143.0,523870.0
9,104489.0,542515.0
9,144401.0,565666.0
9,107160.0,530936.0
9,119496.0,543146.0
9,142575.0,517378.0
9,154964.0,554923.0
9,163925.0,576666.0
9,138349.0,554238.0
9,202175.0,495076.0
9,163477.0,561507.0
9,119535.0,551857.0
9,114108.0,540537.0
9,136059.0,558213.0
9,233105.0,591646.0
6,495165.0,163113.0
6,541435.0,206637.0
6,506069.0,169723.0
6,505044.0,180646.0
6,543616.0,144788.0
6,509804.0,175714.0
7,416763.0,96639.0
6,500589.0,181466.0
6,553118.0,165472.0
6,502511.0,205121.0
6,514551.0,176526.0
6,521152.0,152439.0
6,509928.0,184873.0
6,507895.0,177445.0
7,454160.0,102568.0
6,519003.0,160741.0
6,509173.0,178051.0
6,507674.0,147431.0
6,473361.0,185066.0
6,504755.0,150226.0
6,474135.0,199330.0
7,490956.0,124550.0
6,499637.0,194036.0
6,515856.0,148316.0
7,482568.0,159010.0
6,469470.0,189347.0
6,514173.0,139330.0
7,505117.0,141877.0
6,501334.0,163002.0
6,512241.0,169240.0
7,491382.0,122267.0
6,535453.0,200970.0
6,496130.0,178113.0
6,528826.0,154067.0
6,508789.0,174256.0
6,502302.0,210265.0
6,516084.0,178725.0
6,575022.0,213534.0
6,508797.0,176269.0
6,485361.0,169229.0
7,474641.0,81263.0
7,434581.0,123267.0
6,514876.0,182995.0
6,512900.0,219252.0
7,510739.0,121103.0
6,505603.0,147517.0
6,482628.0,171320.0
6,541790.0,172616.0
6,473649.0,178184.0
6,514934.0,219169.0
6,500474.0,169746.0
6,488800.0,197919.0
6,561725.0,168220.0
6,514428.0,222503.0
6,519421.0,154681.0
6,513957.0,139202.0
6,533351.0,147778.0
6,511030.0,221292.0
6,497254.0,171940.0
6,507741.0,178883.0
7,462658.0,75167.0
6,521032.0,177084.0
7,485968.0,123023.0
7,478442.0,125560.0
6,497211.0,174121.0
7,491442.0,116195.0
7,473202.0,140745.0
6,520759.0,184923.0
6,507832.0,181513.0
6,514391.0,156592.0
7,477746.0,163845.0
6,497255.0,188783.0
6,545240.0,221008.0
6,524397.0,239456.0
7,481356.0,162127.0
6,494574.0,198972.0
6,477901.0,173288.0
6,509223.0,177592.0
7,445043.0,152257.0
6,514622.0,206979.0
6,479631.0,178459.0
7,496476.0,140337.0
6,498389.0,178069.0
6,529409.0,157228.0
6,501111.0,157402.0
6,589900.0,217899.0
6,519962.0,175210.0
6,502877.0,192740.0
6,520782.0,134308.0
6,515494.0,188459.0
7,484395.0,107291.0
6,502002.0,166223.0
6,521153.0,242968.0
6,487952.0,168607.0
7,460133.0,173081.0
6,497815.0,165151.0
7,464634.0,173867.0
6,518675.0,175686.0
6,533566.0,214619.0
6,517882.0,175467.0
6,549642.0,157506.0
6,506815.0,173387.0
4,417996.0,408162.0
4,388202.0,405780.0
4,410506.0,395586.0
4,449683.0,388863.0
4,412111.0,418466.0
4,383075.0,447616.0
4,402227.0,414685.0
4,442915.0,420573.0
4,420792.0,430901.0
4,397791.0,444527.0
4,384572.0,388523.0
4,414997.0,432597.0
4,396150.0,430329.0
4,424228.0,442208.0
4,402677.0,412615.0
4,354601.0,358760.0
4,410682.0,349328.0
4,392258.0,405478.0
4,353941.0,399967.0
4,397158.0,370362.0
4,352429.0,359750.0
4,387039.0,365758.0
4,394436.0,450912.0
4,376444.0,371957.0
4,426625.0,475977.0
4,374797.0,407601.0
4,451670.0,388347.0
4,392428.0,402295.0
4,383022.0,409854.0
4,381340.0,409680.0
4,415521.0,368125.0
4,422261.0,374345.0
4,392728.0,411341.0
4,401330.0,395538.0
4,399188.0,402459.0
4,389510.0,370897.0
4,405902.0,394724.0
4,338347.0,337961.0
4,375233.0,399429.0
4,397764.0,406712.0
4,414290.0,393146.0
4,416893.0,347737.0
4,397851.0,400846.0
4,447192.0,359893.0
4,402566.0,415798.0
4,362753.0,369848.0
4,409167.0,449719.0
4,398617.0,402424.0
4,408714.0,391412.0
4,403751.0,385539.0
4,373943.0,376926.0
4,401162.0,412142.0
4,478361.0,409520.0
4,357466.0,354094.0
4,417617.0,414816.0
4,470047.0,410943.0
4,378824.0,430343.0
4,369227.0,397853.0
4,397331.0,407010.0
4,401708.0,409924.0
4,409823.0,412908.0
4,397735.0,448097.0
4,394761.0,461494.0
4,357253.0,388075.0
4,415233.0,441297.0
4,404445.0,402466.0
4,408224.0,399767.0
4,416750.0,435776.0
4,387103.0,401925.0
4,368200.0,364844.0
4,432184.0,395118.0
4,322936.0,368566.0
4,402710.0,424367.0
4,348263.0,386451.0
4,380236.0,460907.0
4,398795.0,472619.0
4,423371.0,373970.0
4,429515.0,393708.0
4,408147.0,436628.0
4,436362.0,379677.0
4,370252.0,347498.0
4,418046.0,358461.0
4,406739.0,400918.0
4,392424.0,375266.0
4,391970.0,419802.0
4,389279.0,424006.0
4,468907.0,448885.0
4,375971.0,427549.0
4,414374.0,439977.0
4,368363.0,409733.0
4,381863.0,416651.0
4,391384.0,413273.0
4,365223.0,422531.0
4,382396.0,405483.0
4,411674.0,402377.0
4,424365.0,371987.0
4,361875.0,448199.0
4,333682.0,401078.0
4,397889.0,398501.0
4,417494.0,392231.0
4,376493.0,366302.0
4,460684.0,371809.0
4,449571.0,387141.0
4,477323.0,384551.0
4,359740.0,379592.0
4,429653.0,438596.0
4,361814.0,411086.0
4,410418.0,409414.0
4,392162.0,355397.0
4,408182.0,408351.0
4,411090.0,435389.0
4,312123.0,419763.0
4,411053.0,432808.0
4,367864.0,442851.0
15,854654.0,549222.0
15,870826.0,524625.0
15,868025.0,569296.0
15,887896.0,558572.0
15,844066.0,546029.0
15,897131.0,604582.0
15,845120.0,549830.0
15,841130.0,529745.0
15,887556.0,531797.0
15,793791.0,581315.0
15,879722.0,550246.0
15,871873.0,509094.0
15,900991.0,497149.0
15,852918.0,552112.0
15,903840.0,586229.0
15,844617.0,499013.0
15,883981.0,607581.0
15,864265.0,549505.0
15,895565.0,501871.0
15,873791.0,606643.0
15,841843.0,503359.0
15,842719.0,506205.0
15,850607.0,565348.0
15,838367.0,536676.0
15,808555.0,600511.0
15,832010.0,554080.0
15,865030.0,541150.0
15,873136.0,513309.0
15,875640.0,561262.0
15,849501.0,552769.0
15,866973.0,550375.0
15,906382.0,534459.0
15,865081.0,551012.0
15,867801.0,548156.0
15,846324.0,557586.0
15,833499.0,504718.0
15,854979.0,539793.0
15,838036.0,542999.0
15,850790.0,525740.0
15,869818.0,543227.0
15,860151.0,543055.0
15,853093.0,586321.0
15,842903.0,567914.0
15,819843.0,570485.0
15,875625.0,599766.0
15,887780.0,536497.0
15,849858.0,524682.0
15,843111.0,581603.0
15,898736.0,548642.0
15,915504.0,527751.0
15,837880.0,444574.0
15,827672.0,545966.0
15,869960.0,562146.0
15,877440.0,529137.0
15,821835.0,564313.0
15,878696.0,530134.0
15,837312.0,572687.0
15,860863.0,546060.0
15,864721.0,548447.0
15,876151.0,582116.0
15,807278.0,566392.0
15,872033.0,558924.0
15,894268.0,532597.0
15,850478.0,566230.0
15,823202.0,619103.0
15,889743.0,560547.0
15,854374.0,550707.0
15,860384.0,555572.0
15,838808.0,524944.0
15,891515.0,520429.0
15,805884.0,549492.0
15,920249.0,551171.0
15,808777.0,512952.0
15,824475.0,518063.0
15,856437.0,532452.0
15,839280.0,539324.0
15,865020.0,550686.0
15,861069.0,548327.0
15,844086.0,531300.0
15,923996.0,594948.0
15,832154.0,559403.0
15,858537.0,548576.0
15,828001.0,524067.0
15,793875.0,473793.0
15,766617.0,548142.0
15,852687.0,540692.0
15,800152.0,576217.0
15,859492.0,572224.0
15,925485.0,596955.0
15,873380.0,495161.0
15,765011.0,607246.0
15,898578.0,612291.0
11,795909.0,462864.0
15,848628.0,503773.0
15,851166.0,532382.0
15,870214.0,556246.0
15,857319.0,543529.0
15,878519.0,606677.0
15,835831.0,555864.0
15,885828.0,586348.0
15,916704.0,609548.0
15,877298.0,565604.0
15,916082.0,517633.0
15,913686.0,576892.0
15,880275.0,564545.0
15,880958.0,588608.0
15,861868.0,549168.0
15,769546.0,554722.0
15,855074.0,542557.0
15,846646.0,548548.0
10,573324.0,878802.0
10,649412.0,856993.0
10,667280.0,765619.0
10,674463.0,862486.0
10,676694.0,851597.0
10,721401.0,951880.0
10,633601.0,861482.0
10,642843.0,909185.0
10,673196.0,812941.0
10,694451.0,863981.0
10,709254.0,847444.0
10,659166.0,861665.0
10,692386.0,863386.0
10,622212.0,860015.0
10,736557.0,897961.0
10,695092.0,820091.0
10,664156.0,846474.0
10,675382.0,836312.0
10,672212.0,860894.0
10,674236.0,877152.0
10,679818.0,860064.0
10,640210.0,902029.0
10,671772.0,860357.0
10,718544.0,888401.0
10,668367.0,855686.0
10,672059.0,860501.0
10,683580.0,872374.0
10,680228.0,843225.0
10,662249.0,918050.0
10,671325.0,856592.0
10,680592.0,858526.0
10,675633.0,863416.0
10,678195.0,860537.0
10,679054.0,898217.0
10,676360.0,866112.0
10,672068.0,874862.0
10,665660.0,828338.0
10,672544.0,859978.0
10,713088.0,880834.0
10,680969.0,838864.0
10,676962.0,897430.0
10,668519.0,860048.0
10,663095.0,949045.0
10,658734.0,883214.0
10,674121.0,858589.0
10,700962.0,927047.0
10,648230.0,857418.0
10,680757.0,826912.0
10,656156.0,868643.0
10,653258.0,860766.0
10,646422.0,900526.0
10,604546.0,847329.0
10,631316.0,837043.0
10,666315.0,872311.0
10,710082.0,881600.0
10,685821.0,816579.0
10,657981.0,866945.0
10,669178.0,866011.0
10,683027.0,876064.0
10,637665.0,858741.0
10,685124.0,873363.0
10,674496.0,870664.0
10,684602.0,823981.0
10,683413.0,861559.0
10,674365.0,860819.0
10,662684.0,813662.0
10,673242.0,886958.0
10,636769.0,854047.0
10,685551.0,798742.0
10,663945.0,828490.0
10,706906.0,885612.0
10,676767.0,832479.0
10,674905.0,876286.0
10,672818.0,881943.0
10,625416.0,868848.0
10,688098.0,908495.0
10,753254.0,840123.0
10,674114.0,970756.0
10,634004.0,895206.0
10,666636.0,858686.0
10,672598.0,856928.0
10,689628.0,868984.0
10,704570.0,845515.0
10,667131.0,849230.0
10,621278.0,888326.0
10,689948.0,850548.0
10,697011.0,856357.0
10,653181.0,886417.0
10,729194.0,856897.0
10,680677.0,868629.0
10,665697.0,929571.0
10,602365.0,916673.0
10,684537.0,843821.0
10,694308.0,904062.0
10,731712.0,878998.0
10,667713.0,847241.0
10,722463.0,882675.0
10,683252.0,858182.0
10,669288.0,860515.0
10,675357.0,870850.0
10,603472.0,894573.0
10,693362.0,837786.0
10,687078.0,791051.0
10,683048.0,937776.0
10,571669.0,873544.0
10,601619.0,825604.0
10,564416.0,878492.0
10,683321.0,873932.0
10,677362.0,853471.0
12,597173.0,575538.0
12,604678.0,574577.0
12,607269.0,536961.0
12,601967.0,604428.0
12,629718.0,558104.0
12,610666.0,551701.0
12,625728.0,579460.0
12,617910.0,592293.0
12,555904.0,640401.0
12,603359.0,589262.0
12,578496.0,631434.0
12,540029.0,563888.0
12,610330.0,552628.0
12,598184.0,531473.0
12,606738.0,601356.0
12,546031.0,570429.0
12,606011.0,569426.0
12,585048.0,505097.0
12,607604.0,573951.0
12,591484.0,571087.0
12,613868.0,585089.0
12,545235.0,539822.0
12,560362.0,567914.0
12,614943.0,540976.0
12,671269.0,590258.0
12,623004.0,508050.0
12,589658.0,640498.0
12,559078.0,570088.0
12,566609.0,537592.0
12,600117.0,539079.0
12,590583.0,623314.0
12,606933.0,576409.0
12,579773.0,568698.0
12,605958.0,573728.0
12,603855.0,575180.0
12,611315.0,560757.0
12,697959.0,614701.0
12,589994.0,610890.0
12,587466.0,564953.0
12,601885.0,573083.0
14,801539.0,318482.0
14,797105.0,316002.0
14,802482.0,335269.0
14,797242.0,324588.0
14,817135.0,349925.0
14,802089.0,313456.0
14,802646.0,317894.0
14,765502.0,240340.0
14,790932.0,305223.0
14,795299.0,312036.0
14,756701.0,207223.0
14,801055.0,321833.0
14,804038.0,306622.0
14,824624.0,381716.0
14,805372.0,313397.0
14,797569.0,321799.0
14,803796.0,314893.0
14,804354.0,309671.0
14,803774.0,334756.0
14,841928.0,398948.0
14,786245.0,292352.0
14,773023.0,251826.0
14,805080.0,323708.0
14,799724.0,318884.0
14,810543.0,341180.0
14,779437.0,281959.0
14,814280.0,344223.0
14,805462.0,317833.0
14,798308.0,312788.0
14,801309.0,318213.0
14,770113.0,241615.0
14,804332.0,319006.0
14,801232.0,307078.0
14,794615.0,305632.0
14,809259.0,345634.0
14,801301.0,316893.0
14,802254.0,320673.0
14,783116.0,265635.0
14,793855.0,298525.0
14,803839.0,310353.0
14,806192.0,337849.0
14,799021.0,326404.0
14,804408.0,337683.0
14,797947.0,319734.0
14,846693.0,429031.0
14,807696.0,320548.0
5,406233.0,813072.0
5,401478.0,785370.0
5,425260.0,773661.0
5,400008.0,789447.0
5,443447.0,783977.0
5,389392.0,730768.0
5,473485.0,847098.0
5,417091.0,792545.0
5,394022.0,803914.0
5,396118.0,794614.0
5,424476.0,781552.0
5,417016.0,774869.0
5,407023.0,787385.0
5,396548.0,784388.0
5,393758.0,750953.0
5,460371.0,780609.0
5,388873.0,746909.0
5,386436.0,791388.0
5,440667.0,768761.0
5,391555.0,789079.0
5,406176.0,760860.0
5,425053.0,790566.0
5,417447.0,782955.0
5,459230.0,803720.0
5,373360.0,784232.0
5,419227.0,779215.0
5,365147.0,790525.0
5,397747.0,792207.0
5,397806.0,749559.0
5,414512.0,793966.0
5,424375.0,721868.0
5,403890.0,792420.0
5,400902.0,772920.0
5,492415.0,829655.0
5,409142.0,811927.0
5,412677.0,786951.0
5,404359.0,783919.0
5,453154.0,776082.0
10,506612.0,858859.0
5,436648.0,859634.0
5,412453.0,784453.0
5,383821.0,808301.0
5,385257.0,791581.0
5,411488.0,837715.0
5,391163.0,811977.0
5,414860.0,773921.0
5,371779.0,814715.0
5,375997.0,806621.0
5,437958.0,784801.0
5,435085.0,791564.0
5,425611.0,793420.0
5,430001.0,765803.0
5,427371.0,819417.0
5,469782.0,780552.0
5,430167.0,811490.0
5,357467.0,797530.0
5,421187.0,779726.0
5,407626.0,771304.0
5,347933.0,797148.0
5,419485.0,804779.0
5,461751.0,817277.0
15,831165.0,783383.0
15,793019.0,764859.0
10,779936.0,774397.0
15,828589.0,652430.0
15,862189.0,735684.0
15,815131.0,704478.0
15,840863.0,737972.0
15,829623.0,732301.0
15,820350.0,748217.0
15,801177.0,737548.0
15,840270.0,725456.0
15,816091.0,747764.0
15,851644.0,721350.0
15,790612.0,738038.0
15,879221.0,655497.0
15,824765.0,761114.0
15,848586.0,789052.0
15,873532.0,712802.0
15,832798.0,734777.0
15,824322.0,744720.0
15,846090.0,651306.0
10,824674.0,806300.0
15,821337.0,733356.0
15,796786.0,724615.0
15,866139.0,717138.0
15,862569.0,719773.0
15,821259.0,750089.0
15,822623.0,745025.0
15,822474.0,780882.0
15,866928.0,716961.0
15,786935.0,732999.0
15,804925.0,735492.0
15,870054.0,738900.0
15,818932.0,728481.0
15,827081.0,694553.0
15,824013.0,753991.0
15,829133.0,735488.0
15,816615.0,770855.0
15,797233.0,713358.0
15,813319.0,737376.0
14,860951.0,162251.0
14,849653.0,143827.0
14,835128.0,212354.0
14,828179.0,155649.0
14,826192.0,172906.0
14,873527.0,126426.0
14,836433.0,200181.0
14,854922.0,159650.0
14,860606.0,152843.0
14,838328.0,185708.0
14,859707.0,202806.0
14,817619.0,181929.0
14,850577.0,157049.0
14,905005.0,164126.0
14,870599.0,149782.0
14,834483.0,173379.0
14,813239.0,139752.0
14,871255.0,140340.0
14,838609.0,140215.0
14,850200.0,164752.0
14,877422.0,134877.0
14,850153.0,155701.0
14,819256.0,201704.0
14,799326.0,106384.0
14,843150.0,156573.0
14,862925.0,243856.0
14,856561.0,128799.0
14,819670.0,183364.0
14,830445.0,186055.0
14,925732.0,210388.0
14,835581.0,147664.0
14,859177.0,143273.0
14,866851.0,129505.0
14,864494.0,136669.0
14,860106.0,157080.0
14,846936.0,161313.0
14,845802.0,172285.0
14,900955.0,185733.0
14,855993.0,225023.0
14,848290.0,143184.0
14,791722.0,162000.0
14,806567.0,140259.0
14,864991.0,159874.0
14,895623.0,178393.0
14,865170.0,173755.0
14,850453.0,155432.0
14,834165.0,140684.0
1,342064.0,570045.0
1,330455.0,568758.0
1,338342.0,566864.0
1,432052.0,613723.0
1,340064.0,550509.0
1,296775.0,572432.0
1,345840.0,561591.0
1,353979.0,578923.0
1,326043.0,553772.0
1,268672.0,508874.0
1,335328.0,562880.0
1,339212.0,538693.0
1,357275.0,551101.0
1,334785.0,565575.0
1,452457.0,597461.0
1,344791.0,578536.0
1,343997.0,585193.0
1,366688.0,562413.0
1,321657.0,538660.0
1,360165.0,553303.0
1,336928.0,557412.0
1,354529.0,573677.0
1,358312.0,559466.0
1,304086.0,576100.0
1,346144.0,560472.0
1,369366.0,561201.0
1,344314.0,595915.0
1,328586.0,551385.0
1,339288.0,588052.0
1,330335.0,568221.0
1,327695.0,543105.0
1,336549.0,565597.0
1,335029.0,553213.0
1,324032.0,577807.0
1,321924.0,527106.0
1,269126.0,508814.0
1,350798.0,535657.0
1,325125.0,564342.0
1,330145.0,546705.0
1,302353.0,545544.0
1,285152.0,520229.0
1,396903.0,591235.0
1,297212.0,546223.0
1,296763.0,528676.0
1,329859.0,564384.0
1,368724.0,598412.0
8,168573.0,350387.0
13,170271.0,306395.0
8,188093.0,324040.0
8,183236.0,338163.0
8,161345.0,350804.0
8,210497.0,359835.0
13,148749.0,359845.0
8,177505.0,332053.0
8,169966.0,368623.0
8,155505.0,355581.0
8,211265.0,396792.0
8,203254.0,362605.0
13,159191.0,309314.0
8,152861.0,407965.0
8,235671.0,300234.0
13,133744.0,308918.0
8,172020.0,342883.0
8,178495.0,373915.0
13,133580.0,348602.0
8,169145.0,355279.0
13,141860.0,324304.0
8,171614.0,435530.0
8,185071.0,362905.0
13,146821.0,297434.0
8,171848.0,343242.0
8,183970.0,355973.0
8,158571.0,361986.0
8,216975.0,296647.0
8,137098.0,384889.0
13,142455.0,343512.0
8,174656.0,393278.0
8,159392.0,351000.0
8,165607.0,362883.0
8,176982.0,354631.0
8,184570.0,360446.0
8,162600.0,392531.0
13,128953.0,304971.0
8,217686.0,296514.0
13,140128.0,325904.0
8,160165.0,362858.0
11,669118.0,354195.0
11,617399.0,392653.0
11,622550.0,391601.0
11,616040.0,330855.0
11,613921.0,394043.0
11,655859.0,416496.0
3,598657.0,442558.0
3,556780.0,409205.0
3,577473.0,384210.0
11,663820.0,416308.0
11,710910.0,464586.0
11,624310.0,398408.0
11,611357.0,393577.0
11,634973.0,450542.0
3,595411.0,413706.0
11,618446.0,372298.0
3,561388.0,355834.0
11,691600.0,397893.0
3,610676.0,449688.0
3,523329.0,404632.0
11,648429.0,422590.0
3,562772.0,382904.0
3,576235.0,462612.0
3,598628.0,425191.0
3,499262.0,398424.0
3,578878.0,420108.0
11,618449.0,404599.0
3,582389.0,428200.0
11,621989.0,394856.0
11,618113.0,400002.0
3,609344.0,448128.0
11,615342.0,413931.0
11,632060.0,367800.0
3,572244.0,349463.0
11,637594.0,420311.0
11,638966.0,486628.0
11,655201.0,411873.0
11,617428.0,397343.0
11,619427.0,396945.0
11,619332.0,401992.0
11,636807.0,424537.0
3,533889.0,333741.0
11,632952.0,385722.0
3,588952.0,437524.0
11,662830.0,420955.0
11,634661.0,446187.0
3,605650.0,447537.0
11,618157.0,384990.0
11,630904.0,404643.0
11,650859.0,460072.0
11,642157.0,345545.0
3,601369.0,411415.0
3,604703.0,392288.0
11,721905.0,378957.0
11,618676.0,377015.0
11,658884.0,390135.0
5,213558.0,873714.0
5,245144.0,845719.0
5,283576.0,809069.0
5,222704.0,824909.0
5,245023.0,849247.0
5,263626.0,851699.0
5,231263.0,863308.0
5,247939.0,831010.0
5,278326.0,829095.0
5,260943.0,889692.0
5,269723.0,849664.0
5,241972.0,840749.0
5,237689.0,839510.0
5,251958.0,886571.0
5,227819.0,900986.0
5,241381.0,844402.0
5,248210.0,886338.0
5,277055.0,860813.0
5,246729.0,879602.0
5,224852.0,934148.0
5,228711.0,848090.0
5,201080.0,823689.0
5,313609.0,860065.0
5,244257.0,776516.0
5,235337.0,831592.0
5,267049.0,950249.0
5,245678.0,821691.0
5,274685.0,883097.0
5,244260.0,847060.0
5,264274.0,813041.0
5,139601.0,914203.0
5,256512.0,837094.0
5,258528.0,856273.0
5,244246.0,847589.0
5,209264.0,836661.0
5,240846.0,841609.0
5,332237.0,911313.0
5,256216.0,903741.0
5,233931.0,838374.0
5,239387.0,847822.0
5,250394.0,847577.0
5,238492.0,833394.0
5,250359.0,849451.0
5,218942.0,848326.0
5,228517.0,837056.0
5,230049.0,865536.0
5,265246.0,889333.0
5,219321.0,848396.0
5,245258.0,799882.0
2,321522.0,163852.0
2,307913.0,91419.0
2,311093.0,169734.0
2,367806.0,123963.0
2,350964.0,149159.0
2,346942.0,152780.0
2,310824.0,144943.0
2,348893.0,195430.0
2,313573.0,109221.0
2,358652.0,186358.0
2,324121.0,96346.0
2,368060.0,76739.0
2,336845.0,172750.0
2,346717.0,178180.0
2,312275.0,145173.0
7,425563.0,163524.0
2,348177.0,179526.0
2,380609.0,185976.0
2,300294.0,178772.0
2,337343.0,156614.0
2,353991.0,193997.0
2,300021.0,159185.0
2,384591.0,137729.0
2,347039.0,195468.0
2,327204.0,152871.0
2,295311.0,115000.0
2,281548.0,175184.0
2,332470.0,161202.0
2,331381.0,162660.0
2,344364.0,213940.0
2,315333.0,144566.0
2,319155.0,159850.0
2,355168.0,114823.0
2,354132.0,161850.0
2,325344.0,159885.0
2,359520.0,132845.0
2,340066.0,152500.0
2,287127.0,192494.0
2,279251.0,184486.0
2,318215.0,180010.0
2,308555.0,134011.0
2,319829.0,168353.0
2,327608.0,177638.0
2,348815.0,150017.0
2,293350.0,175997.0
2,357923.0,192120.0
9,144570.0,573936.0
9,173576.0,507309.0
9,179189.0,536028.0
9,155899.0,561715.0
9,147885.0,527813.0
9,58190.0,608304.0
9,145251.0,553486.0
9,144242.0,557674.0
9,220156.0,589643.0
9,156003.0,502860.0
9,148510.0,579793.0
9,141641.0,557376.0
9,117212.0,565692.0
9,139033.0,593287.0
9,172882.0,571145.0
9,137740.0,618961.0
9,158060.0,525533.0
9,134449.0,557556.0
9,95899.0,530846.0
9,166597.0,572855.0
9,166840.0,562425.0
9,117089.0,561455.0
9,135284.0,555664.0
9,158773.0,588778.0
1,257984.0,555707.0
9,173847.0,514665.0
9,107965.0,535173.0
9,116492.0,509399.0
9,143226.0,522375.0
9,113321.0,606322.0
9,139847.0,552015.0
9,130657.0,555545.0
9,154268.0,542573.0
9,197367.0,535989.0
9,166560.0,559687.0
9,127940.0,590467.0
9,211584.0,591058.0
9,130201.0,562734.0
9,137316.0,562151.0
9,143363.0,551365.0
9,134261.0,519275.0
9,129997.0,568115.0
9,170494.0,560892.0
9,164453.0,544085.0
9,128788.0,546091.0
9,88703.0,577217.0
9,130582.0,565948.0
1,241485.0,523039.0
9,179931.0,536588.0
9,105353.0,589239.0
9,76661.0,531044.0
9,98525.0,579761.0
9,120357.0,560737.0
9,34795.0,606311.0
6,507786.0,199578.0
6,461701.0,188438.0
6,500225.0,177559.0
6,484348.0,202813.0
6,490271.0,216725.0
6,506288.0,177990.0
6,510496.0,174308.0
6,522728.0,184704.0
6,576965.0,187481.0
6,515230.0,149567.0
7,523036.0,123677.0
7,497406.0,125809.0
6,509773.0,148899.0
6,494698.0,176711.0
6,520845.0,176291.0
6,509951.0,176794.0
6,520819.0,181586.0
6,496006.0,191010.0
6,535034.0,172649.0
6,529858.0,213114.0
6,521006.0,163218.0
7,483423.0,111797.0
6,520763.0,250478.0
6,528679.0,199079.0
6,545699.0,174099.0
7,456821.0,105575.0
6,495388.0,156422.0
7,472054.0,129986.0
6,563315.0,215613.0
6,518892.0,165875.0
6,493897.0,189627.0
6,514408.0,173338.0
6,541220.0,177840.0
6,545455.0,182232.0
6,541498.0,192746.0
7,490355.0,153464.0
6,566524.0,179796.0
6,550216.0,184337.0
6,516085.0,195504.0
6,506361.0,225237.0
6,508080.0,175697.0
6,559809.0,162597.0
6,504243.0,237336.0
6,483776.0,213021.0
6,500801.0,185558.0
6,481841.0,209337.0
6,473933.0,191767.0
7,453261.0,148432.0
6,491792.0,214464.0
6,515348.0,184750.0
6,558478.0,213316.0
6,537514.0,179689.0
4,444610.0,400247.0
4,393825.0,453067.0
4,383832.0,340506.0
4,417231.0,381303.0
4,351352.0,362910.0
4,354094.0,424230.0
4,395013.0,387179.0
4,396520.0,405610.0
4,373684.0,418326.0
4,468350.0,395883.0
4,383197.0,409869.0
4,367922.0,415238.0
4,422056.0,382193.0
4,343651.0,438750.0
4,399077.0,403968.0
4,402071.0,427626.0
4,372230.0,412488.0
4,392447.0,408539.0
4,444816.0,409502.0
4,415222.0,434798.0
4,407188.0,396576.0
4,380139.0,434251.0
4,342501.0,336320.0
4,401923.0,417123.0
4,416110.0,374296.0
4,442931.0,430123.0
4,393758.0,439738.0
4,427749.0,457110.0
4,395450.0,407822.0
4,407576.0,434017.0
4,391966.0,387214.0
4,467535.0,416014.0
4,398724.0,404179.0
4,399346.0,423786.0
4,460198.0,402706.0
4,408500.0,393942.0
4,439048.0,403700.0
4,410601.0,410653.0
4,396556.0,406492.0
4,402081.0,407514.0
4,418140.0,415328.0
4,415933.0,422485.0
4,402031.0,426039.0
4,371548.0,414612.0
4,399717.0,403257.0
4,377870.0,377550.0
4,376145.0,414107.0
4,391530.0,398743.0
4,409291.0,431539.0
4,399693.0,395271.0
4,437870.0,375761.0
4,377215.0,418429.0
4,387165.0,404027.0
15,906640.0,587296.0
15,906396.0,535803.0
15,817776.0,525600.0
15,848976.0,558706.0
15,857126.0,548151.0
15,904450.0,533427.0
15,839088.0,528460.0
15,869369.0,536868.0
15,863042.0,557890.0
15,867533.0,542290.0
15,862002.0,534006.0
15,863859.0,546898.0
15,855045.0,547633.0
15,863102.0,545783.0
15,862534.0,547936.0
15,882403.0,534710.0
15,803216.0,577565.0
15,914183.0,620056.0
15,877510.0,555087.0
15,861656.0,545794.0
15,838239.0,576018.0
15,838978.0,622330.0
15,844948.0,563321.0
15,861966.0,562885.0
15,886773.0,509047.0
15,859679.0,541785.0
15,874312.0,574582.0
15,879902.0,518647.0
15,851462.0,526597.0
15,866044.0,584750.0
15,843715.0,568319.0
15,862785.0,579661.0
15,860721.0,547751.0
15,831024.0,505776.0
15,856167.0,542249.0
15,773292.0,531652.0
15,898916.0,630099.0
15,844627.0,556401.0
15,854342.0,541611.0
15,858278.0,544519.0
15,816840.0,539239.0
15,861927.0,562723.0
15,858325.0,586062.0
15,846841.0,533595.0
15,810817.0,509540.0
15,890613.0,567037.0
15,853279.0,560714.0
15,860375.0,544804.0
15,892877.0,544283.0
15,875311.0,542259.0
15,866352.0,535933.0
15,871981.0,649086.0
15,855983.0,534803.0
10,645563.0,819480.0
10,657184.0,855509.0
10,709303.0,897538.0
10,641840.0,886745.0
10,691716.0,873426.0
10,664639.0,925795.0
10,680381.0,823757.0
10,680261.0,863401.0
10,682100.0,853708.0
10,668567.0,856554.0
10,648590.0,917839.0
10,699124.0,824089.0
10,661357.0,801817.0
10,627452.0,835854.0
10,682510.0,905902.0
10,676220.0,858214.0
10,682241.0,850176.0
10,683656.0,842406.0
10,668772.0,858570.0
10,599612.0,859210.0
10,654937.0,781879.0
10,682699.0,851115.0
10,684739.0,884934.0
10,664260.0,859029.0
10,674659.0,860894.0
10,653592.0,959882.0
10,662898.0,884734.0
10,669427.0,846395.0
10,651576.0,865180.0
10,595580.0,798572.0
10,669366.0,869654.0
10,657879.0,857942.0
10,665828.0,868934.0
10,640000.0,863831.0
10,669430.0,905798.0
10,648443.0,845340.0
10,675551.0,956849.0
10,682481.0,879399.0
10,652233.0,886054.0
10,705929.0,851313.0
10,682315.0,843851.0
10,629377.0,853726.0
10,672797.0,843231.0
10,689363.0,817577.0
10,728743.0,850843.0
10,672387.0,800443.0
10,684091.0,842566.0
12,664159.0,550946.0
12,665845.0,557965.0
12,572029.0,518313.0
12,607214.0,575069.0
12,625579.0,551084.0
12,600582.0,599535.0
12,604168.0,555003.0
12,582176.0,630383.0
12,561574.0,621747.0
12,526559.0,509417.0
12,628696.0,542447.0
12,605850.0,533310.0
12,596179.0,529556.0
12,583653.0,652182.0
12,562920.0,559223.0
12,707100.0,601463.0
12,614917.0,600946.0
12,597077.0,568196.0
12,645464.0,660478.0
12,555429.0,604551.0
12,597620.0,586226.0
12,649088.0,575733.0
12,567188.0,560044.0
12,605876.0,550640.0
12,600679.0,599545.0
12,641031.0,593074.0
12,616060.0,590779.0
12,602873.0,527864.0
12,602167.0,543919.0
12,546640.0,560043.0
12,690968.0,555952.0
12,628264.0,616214.0
12,604090.0,574392.0
12,600665.0,638890.0
12,606587.0,573873.0
12,627727.0,578737.0
12,522993.0,595581.0
12,658281.0,582264.0
12,588964.0,597435.0
